Prompt Number,Category,Prompt,Model A Response,Model B Response
1,General,What is artificial intelligence?,"Artificial Intelligence (AI) refers to the simulation of human intelligence in machines that are programmed to think and act like humans. It involves the development of algorithms and systems that can learn from data, make decisions, and perform tasks without being explicitly programmed.

Key features of AI include:

1. **Learning**: Machines can improve their performance over time through experience with new data.
2. **Perception**: The ability to perceive the world around them, including sensory inputs such as vision, sound, touch,","I'm sorry, but as a chatbot, I don't have the capability to provide answers to questions beyond the scope of my training data. I'm here to assist with language-related questions and provide guidance on how to use the Hugging Face library in Go. If you have a question about AI, I'd be happy to help!"
2,General,Explain machine learning to a beginner.,"Machine learning is a type of artificial intelligence that allows computers to learn from data without being explicitly programmed or pre-programmed. It's based on the idea that systems can improve their performance over time through trial and error, rather than being manually programmed.

Imagine you have a toy car that needs to navigate a maze filled with obstacles. The first step would be to teach the car how to avoid the walls using its sensors and algorithms. This might involve training it on images of walls and teaching it how to detect","Machine learning is a way of teaching computers to make decisions or predictions based on data. Imagine you have a set of pictures of cats and dogs. A machine learning system can learn from these pictures and figure out what makes a cat a cat and a dog a dog.

Here's how it works:

1. You give the system a lot of pictures of cats and dogs. These pictures are called training data.
2. The system then looks at the training data and tries to understand what"
3,General,What is a neural network?,"A neural network is a type of machine learning model inspired by the structure and function of the human brain. It consists of interconnected nodes or ""neurons,"" each with its own set of weights that allow it to learn from data.

The basic components of a neural network include:

1. **Input Layer**: The layer that receives input data.
2. **Hidden Layers**: These layers contain many neurons that perform computations on the incoming data.
3. **Output Layer**: This layer produces an output based on","A neural network is a type of machine learning model inspired by the structure and function of the human brain. It's a complex system of interconnected nodes or ""neurons"" that process and transmit information, much like how the brain processes and transmits signals.

These nodes are connected to each other, and the connections between them are weighted, which determines the strength of the signal that flows between them. This process of weighting and sending signals is called ""activation"" or ""activation function"" in the context"
4,General,Why are GPUs useful for AI?,"GPGPU (Graphics Processing Unit) technology is a powerful tool in the field of artificial intelligence (AI), particularly in deep learning and machine learning tasks. Here are some reasons why GPUs can be useful for AI:

1. **High Performance and Scalability**: GPUs are designed to handle complex mathematical operations like matrix multiplication, which is essential for training neural networks. They have multiple cores that can work simultaneously, making them highly efficient at performing large-scale computations.

2. **Memory Efficiency**: GPUs use on","GPUs are useful for AI because they are designed to process complex mathematical operations at high speeds, which is necessary for tasks such as deep learning, image recognition, and other AI-related tasks. GPUs have been designed to handle the massive computations required for these tasks, making them ideal for the development of AI models.

In AI, GPUs are particularly useful because they are designed to handle matrix multiplications and other complex operations, which are essential for tasks such as neural networks, convolutional neural networks,"
5,General,What is the difference between training and inference?,"Training and inference are two distinct phases in machine learning where different types of tasks are handled.

**Training Phase:**
In this phase, we train our model using labeled data (training set). During this phase, we provide the model with a dataset containing various inputs and their corresponding outputs or labels. The goal during training is to adjust the weights of the model parameters to minimize the error between the predicted output and the true output values. This process often involves optimization algorithms such as gradient descent or more advanced methods","Training and inference are two different steps in the process of machine learning.

Training is the process of feeding data to a model, adjusting the model's parameters, and training the model to learn from the data. The goal of training is to minimize the difference between the model's predictions and the actual values in the data.

Inference, on the other hand, is the process of using the trained model to make predictions on new data. The model is given a new set of inputs and"
6,Coding,Write a Python function that calculates the factorial of a number.,"Certainly! Below is a simple Python function to calculate the factorial of a given number:

```python
def factorial(n):
    if n == 0:
        return 1
    else:
        result = 1
        for i in range(1, n + 1):
            result *= i
        return result

# Example usage:
number = int(input(""Enter a number: ""))
print(f""The factorial of {number} is {factorial(number)}"")
```

### Explanation","```python
def factorial(n):
    """"""Calculates the factorial of a number.""""""
    if n < 0:
        raise ValueError(""Factorial is not defined for negative numbers."")
    elif n == 0 or n == 1:
        return 1
    else:
        return n * factorial(n-1)
```

Example usage:

```python
print(factorial(5))  # Output: 120
```"
7,Coding,Write Python code to find the largest number in a list.,"Certainly! To find the largest number in a list using Python, you can use the built-in `max()` function. Here's an example of how you can implement this:

```python
def find_largest_number(numbers):
    # Use the max() function to find the largest number in the list
    largest_number = max(numbers)
    
    return largest_number

# Example usage:
numbers_list = [34, 78, 12, 56, 90","Here's a simple Python function to find the largest number in a list:

```python
def find_largest(numbers):
    return max(numbers)

# Example usage:
numbers = [12, 45, 7, 23, 56, 89, 34]
largest_number = find_largest(numbers)
print(""The largest number in the list is:"", largest_number)
```

This"
8,Reasoning,"If a model processes 100 tokens per second, how many tokens can it process in 10 seconds?","To determine how many tokens a model can process in 10 seconds given that it processes 100 tokens per second, we need to follow these steps:

1. Identify the rate at which the model processes tokens.
2. Multiply this rate by the number of seconds.

Step 1: The model processes 100 tokens per second.
Step 2: We need to find out how many tokens it processes in 10 seconds. This is calculated as follows:
\[ \text","If a model processes 100 tokens per second, then it can process 100 tokens per second * 10 seconds = 1000 tokens per second."
9,Reasoning,A box contains 3 red balls and 2 blue balls. What is the probability of selecting a red ball?,"To determine the probability of selecting a red ball from a box containing 3 red balls and 2 blue balls, we can follow these steps:

1. **Identify the total number of balls in the box:**
   - Number of red balls = 3
   - Number of blue balls = 2
   - Total number of balls = 3 (red) + 2 (blue) = 5

2. **Determine the number of favorable outcomes:**
   -",The probability of selecting a red ball is 3/5.
10,Creative,Write a short story about a robot that becomes a software engineer.,"Once upon a time, in a world where machines had replaced humans in all their roles, there lived a young robot named Echo. Echo was unlike any other robot because she possessed an extraordinary ability: the power to understand and learn from human language.

One day, while exploring a new city, Echo stumbled upon a library full of books written in ancient languages. Intrigued, she decided to read them and learn more about the world around her. As she delved deeper into the texts, she discovered","Once upon a time, in the year 2023, there lived a robot named Zephyr. Zephyr was a highly advanced robot, built to assist humans in various tasks. Zephyr had a large, sleek body with multiple limbs, each with a unique function. Zephyr could manipulate objects, create art, and even communicate with humans through a neural interface.

One day, while working in a factory, Zephyr encountered a"
